,,,,,,,,,,,,,,,,,,,,,,,,,,,,,,,,,,,,,,,,,,,分部计算过程,,,,,,,,,,,,,,,,,,,,,,,,,,,,,,,,,,,,,,,,,,,,,,,,,,,,,,,,,,,
,,,,,,,,,,,,,,,,,,,,,,,,,,,,,,,,,,,,,,,,,,,,,,,,,,,,,,,,,,,,,,,,,,,,,,,,,,,,,,,,,,,,,,,,,,,,,,,,,,,,,,
,,,,,,,,,,,,,,,,,,,,,,,,,,,,,,,,,,,,,,,,,,,Prefill,,,,,,,,,,,,,,,,,,,,,,,,,,,,,,Generation,,,,,,,,,,,,,,,,,,,,,,,,,,,,,
,,,,,,,,,Only Prefill Measurement,,,,,,,,,,Prefill+Generation Measurement,,,,,,,,,,Only Prefill Roofline,,,,,,Prefill+Generation Roofline,,,,,,,,AllGather1,,,,,AllGather2,,,,,AllGather3,,,,,AllGather4,,,,,AllReduce1,,,,,AllReduce2,,,,,AllGather1,,,,,AllGather2,,,,,AllGather3,,,,,AllGather4,,,,,AllReduce1,,,,,AllReduce2,,,,
,,Layer,Dmodel,FFN Hidden,Card Num,batch,Input_Length,Out_Length,Total Time,AllGather,AllReduce,GemmOp,DecOptMHA,MHA-MV,MHA-Soft,Binary,LayerNom,Rotary,Total Time,AllGather,AllReduce,GemmOp,DecOptMHA,MHA-MV,MHA-Soft,Binary,LayerNom,Rotary,Comp-P,Error,AllGather,Error,AllReduce,Error,Comp-GP,Error,Comp-GA,Error,AllGather,Error,AllReduce,Error,Size/Card,Total Size,Trans Num,Time/Trans,Total Time,Size/Card,Total Size,Trans Num,Time/Trans,Total Time,Size/Card,Total Size,Trans Num,Time/Trans,Total Time,Size/Card,Total Size,Trans Num,Time/Trans,Total Time,Size/Card,Total Size,Trans Num,Time/Trans,Total Time,Size/Card,Total Size,Trans Num,Time/Trans,Total Time,Size/Card,Total Size,Trans Num,Time/Trans,Total Time,Size/Card,Total Size,Trans Num,Time/Trans,Total Time,Size/Card,Total Size,Trans Num,Time/Trans,Total Time,Size/Card,Total Size,Trans Num,Time/Trans,Total Time,Size/Card,Total Size,Trans Num,Time/Trans,Total Time,Size/Card,Total Size,Trans Num,Time/Trans,Total Time
,M6-3B,32,2560,13652,2,1,32,32,0.02206,0.006689,,,0.000851248,,,,,,0.37071352,0.07325524,,0.197606065,0.01798389,,,,,,,,0.00381904,42.91%,,,,,,,0.07195208,1.78%,,,81920,163840,32,26.115,835.68,81920,163840,32,26.115,835.68,436864,873728,32,41,1312,81920,163840,32,26.115,835.68,,,,,,,,,,,2560,5120,992,16.9075,16772.24,2560,5120,992,16.9075,16772.24,13652,27304,992,17.96,17816.32,2560,5120,992,16.9075,16772.24,,,,,,,,,,
,,32,2560,13652,2,1,256,256,0.042426109,0.01259424,,,0.001833677,,,,,,2.940119743,0.5535459,,0.18827325,0.1839544,,,,,,,,0.01050648,16.58%,,,,,,,0.57095568,-3.15%,,,655360,1310720,32,50.4425,1614.16,655360,1310720,32,50.4425,1614.16,3494912,6989824,32,177,5664,655360,1310720,32,50.4425,1614.16,,,,,,,,,,,2560,5120,8160,16.9075,137965.2,2560,5120,8160,16.9075,137965.2,13652,27304,8160,17.96,146553.6,2560,5120,8160,16.9075,137965.2,,,,,,,,,,
,,32,2560,13652,2,1,1024,1024,0.113106155,0.03835704,,,0.01114951,,,,,,12.28256097,2.177253,,0.177263765,1.396929,,,,,,,,0.0341096,11.07%,,,,,,,2.28249992,-4.83%,,,2621440,5242880,32,138.975,4447.2,2621440,5242880,32,138.975,4447.2,13979648,27959296,32,649,20768,2621440,5242880,32,138.975,4447.2,,,,,,,,,,,2560,5120,32736,16.9075,553483.92,2560,5120,32736,16.9075,553483.92,13652,27304,32736,17.96,587938.56,2560,5120,32736,16.9075,553483.92,,,,,,,,,,
,,32,2560,13652,2,1,1500,548,0.180602312,0.05884258,,,0.02827163,,,,,,7.136720467,1.423164,,0.199414284,0.8377519,,,,,,,,0.04832,17.88%,,,,,,,1.25053848,12.13%,,,3840000,7680000,32,192,6144,3840000,7680000,32,192,6144,20478000,40956000,32,934,29888,3840000,7680000,32,192,6144,,,,,,,,,,,2560,5120,17504,16.9075,295948.88,2560,5120,17504,16.9075,295948.88,13652,27304,17504,17.96,314371.84,2560,5120,17504,16.9075,295948.88,,,,,,,,,,
,,32,2560,13652,2,2,32,32,0.023880291,0.007203831,,,0.000918525,,,,,,0.435839415,0.08557246,,0.196339425,0.01935349,,,,,,,,0.00476112,33.91%,,,,,,,0.07428792,13.19%,,,163840,327680,32,29.595,947.04,163840,327680,32,29.595,947.04,873728,1747456,32,60,1920,163840,327680,32,29.595,947.04,,,,,,,,,,,5120,10240,992,17.3725,17233.52,5120,10240,992,17.3725,17233.52,27304,54608,992,17.97,17826.24,5120,10240,992,17.3725,17233.52,,,,,,,,,,
,,32,2560,13652,2,2,256,256,0.062741804,0.0211387,,,0.002809448,,,,,,3.465326834,0.6453754,,0.18623796,0.2235451,,,,,,,,0.018363488,13.13%,,,,,,,0.590277488,8.54%,,,1310720,2621440,32,79.953,2558.496,1310720,2621440,32,79.953,2558.496,6989824,13979648,32,334,10688,1310720,2621440,32,79.953,2558.496,,,,,,,,,,,5120,10240,8160,17.3725,141759.6,5120,10240,8160,17.3725,141759.6,27304,54608,8160,17.97,146635.2,5120,10240,8160,17.3725,141759.6,,,,,,,,,,
,,32,2560,13652,2,2,1024,1024,0.208683157,0.07290296,,,0.02172334,,,,,,14.79320478,2.538307,,0.171586011,1.91367,,,,,,,,0.0654152,10.27%,,,,,,,2.3597996,7.03%,,,5242880,10485760,32,255.075,8162.4,5242880,10485760,32,255.075,8162.4,27959296,55918592,32,1279,40928,5242880,10485760,32,255.075,8162.4,,,,,,,,,,,5120,10240,32736,17.3725,568706.16,5120,10240,32736,17.3725,568706.16,27304,54608,32736,17.97,588265.92,5120,10240,32736,17.3725,568706.16,,,,,,,,,,
,,32,2560,13652,2,2,1500,548,0.337133312,0.1069741,,,0.05589976,,,,,,8.302398682,1.444989,,0.174044762,1.180233,,,,,,,,0.09424,11.90%,,,,,,,1.3210516,8.58%,,,7680000,15360000,32,365,11680,7680000,15360000,32,365,11680,40956000,81912000,32,1850,59200,7680000,15360000,32,365,11680,,,,,,,,,,,5120,10240,17504,17.3725,304088.24,5120,10240,17504,17.3725,304088.24,27304,54608,17504,17.97,314546.88,5120,10240,17504,17.3725,304088.24,,,,,,,,,,
,,32,2560,13652,2,4,32,32,0.028163719,0.008240218,,,0.001161831,,,,,,0.45041132,0.09743003,,0.216313458,0.02085324,,,,,,,,0.00670112,18.68%,,,,,,,0.08367288,14.12%,,,327680,655360,32,36.47,1167.04,327680,655360,32,36.47,1167.04,1747456,3494912,32,100,3200,327680,655360,32,36.47,1167.04,,,,,,,,,,,10240,20480,992,18.1975,18051.92,10240,20480,992,18.1975,18051.92,54608,109216,992,23,22816,10240,20480,992,18.1975,18051.92,,,,,,,,,,
,,32,2560,13652,2,4,256,256,0.105606079,0.03824292,,,0.004687564,,,,,,3.798921156,0.833927,,0.219516796,0.2951175,,,,,,,,0.0341096,10.81%,,,,,,,0.6672644,19.99%,,,2621440,5242880,32,138.975,4447.2,2621440,5242880,32,138.975,4447.2,13979648,27959296,32,649,20768,2621440,5242880,32,138.975,4447.2,,,,,,,,,,,10240,20480,8160,18.1975,148491.6,10240,20480,8160,18.1975,148491.6,54608,109216,8160,23,187680,10240,20480,8160,18.1975,148491.6,,,,,,,,,,
,,32,2560,13652,2,4,1024,1024,0.39896493,0.1422692,,,0.04136183,,,,,,16.75848837,3.175493,,0.189485646,2.94144,,,,,,,,0.1284776,9.69%,,,,,,,2.66854568,15.96%,,,10485760,20971520,32,491.975,15743.2,10485760,20971520,32,491.975,15743.2,55918592,111837184,32,2539,81248,10485760,20971520,32,491.975,15743.2,,,,,,,,,,,10240,20480,32736,18.1975,595713.36,10240,20480,32736,18.1975,595713.36,54608,109216,32736,23,752928,10240,20480,32736,18.1975,595713.36,,,,,,,,,,
,,32,2560,13652,2,4,1500,548,0.638557625,0.2103013,,,0.1085239,,,,,,9.579417849,1.840767,,0.192158545,1.858675,,,,,,,,0.185952,11.58%,,,,,,,1.54413112,16.11%,,,15360000,30720000,32,712,22784,15360000,30720000,32,712,22784,81912000,163824000,32,3675,117600,15360000,30720000,32,712,22784,,,,,,,,,,,10240,20480,17504,18.1975,318529.04,10240,20480,17504,18.1975,318529.04,54608,109216,17504,23,402592,10240,20480,17504,18.1975,318529.04,,,,,,,,,,
,M6-50B,64,8192,43376,4,1,32,32,0.067505789,0.0108902,0.004700085,,0.00229427,,,,,,1.622554684,0.109532591,0.052487491,0.099854928,0.038846941,,,,,,,,0.00578368,46.89%,0.00313728,33.25%,,,,,0.0951232,13.16%,0.0448608,14.53%,694016,2776064,64,60.64,0.00388096,131072,524288,64,29.73,0.00190272,,,,,,,,,,,524288,524288,64,49.02,0.00313728,,,,,,21688,86752,1984,24.9,0.0494016,4096,16384,1984,20.13,0.03993792,,,,,,,,,,,16384,16384,1984,21.03,0.04172352,,,,,
,,64,8192,43376,4,1,256,256,0.148616028,0.022970668,0.009950185,,0.003650748,,,,,,13.09015813,0.859597,0.398698909,0.096125341,0.400379045,,,,,,,,0.0185088,19.42%,0.0090432,9.12%,,,,,0.7533984,12.35%,0.3522528,11.65%,5552128,22208512,64,220,0.01408,1048576,4194304,64,69.2,0.0044288,,,,,,,,,,,4194304,4194304,64,141.3,0.0090432,,,,,,21688,86752,16320,24.9,0.406368,4096,16384,16320,20.13,0.3285216,,,,,,,,,,,16384,16384,16320,21.03,0.3432096,,,,,
,,64,8192,43376,4,1,1024,1024,0.496646595,0.071495405,0.022774632,,0.02351095,,,,,,54.01559691,3.542373636,1.605521364,0.095303862,3.220001818,,,,,,,,0.0620992,13.14%,0.020928,8.11%,,,,,3.01030336,15.02%,1.39780416,12.94%,22208512,88834048,64,797.4,0.0510336,4194304,16777216,64,172.9,0.0110656,,,,,,,,,,,16777216,16777216,64,327,0.020928,,,,,,21688,86752,65472,24.9,1.6302528,4096,16384,65472,20.13,1.31795136,,,,,,,,,,,16384,16384,65472,21.03,1.37687616,,,,,
,,64,8192,43376,4,1,1500,548,0.745300865,0.105300486,0.033930386,,0.059955855,,,,,,29.68195667,1.959754545,0.981678955,0.099098369,1.919600455,,,,,,,,0.09199616,12.63%,0.02981632,12.13%,,,,,1.6684064,14.87%,0.76603456,21.97%,32532000,130128000,64,1198.6,0.0767104,6144000,24576000,64,238.84,0.01528576,,,,,,,,,,,24576000,24576000,64,465.88,0.02981632,,,,,,21688,86752,35008,24.9,0.8716992,4096,16384,35008,20.13,0.70471104,,,,,,,,,,,16384,16384,35008,21.03,0.73621824,,,,,
,,64,8192,43376,4,2,32,32,0.073238134,0.011099541,0.005393389,,0.002371304,,,,,,1.669950771,0.130898136,0.065122591,0.117381141,0.042261491,,,,,,,,0.0076576,31.01%,0.00410304,23.92%,,,,,0.1054688,19.43%,0.04777088,26.64%,1388032,5552128,64,79.3,0.0050752,262144,1048576,64,40.35,0.0025824,,,,,,,,,,,1048576,1048576,64,64.11,0.00410304,,,,,,43376,173504,1984,28.1,0.0557504,8192,32768,1984,21.2,0.0420608,,,,,,,,,,,32768,32768,1984,22.01,0.04366784,,,,,
,,64,8192,43376,4,2,256,256,0.256009102,0.03753375,0.012868405,,0.005965405,,,,,,13.71331515,1.089110773,0.529398318,0.11802464,0.491812818,,,,,,,,0.032512,13.38%,0.0114048,11.37%,,,,,0.837088,23.14%,0.370608,29.99%,11104256,44417024,64,408.4,0.0261376,2097152,8388608,64,99.6,0.0063744,,,,,,,,,,,8388608,8388608,64,178.2,0.0114048,,,,,,43376,173504,16320,28.1,0.458592,8192,32768,16320,21.2,0.345984,,,,,,,,,,,32768,32768,16320,22.01,0.3592032,,,,,
,,64,8192,43376,4,2,1024,1024,0.965791607,0.139652727,0.045071132,,0.046951009,,,,,,56.46501846,4.130144091,1.999011818,0.108547842,4.207594091,,,,,,,,0.1219712,12.66%,0.0399744,11.31%,,,,,3.3497408,18.90%,1.48101312,25.91%,44417024,177668096,64,1591.6,0.1018624,8388608,33554432,64,314.2,0.0201088,,,,,,,,,,,33554432,33554432,64,624.6,0.0399744,,,,,,43376,173504,65472,28.1,1.8397632,8192,32768,65472,21.2,1.3880064,,,,,,,,,,,32768,32768,65472,22.01,1.44103872,,,,,
,,64,8192,43376,4,2,1500,548,1.464706516,0.200959682,0.064381027,,0.117288773,,,,,,31.375315,2.326473182,1.093547818,0.109003559,2.575753182,,,,,,,,0.1807936,10.03%,0.0573248,10.96%,,,,,1.906688,18.04%,0.82785088,24.30%,65064000,260256000,64,2377.6,0.1521664,12288000,49152000,64,447.3,0.0286272,,,,,,,,,,,49152000,49152000,64,895.7,0.0573248,,,,,,43376,173504,35008,28.1,0.9837248,8192,32768,35008,21.2,0.7421696,,,,,,,,,,,32768,32768,35008,22.01,0.77052608,,,,,
,,64,8192,43376,4,4,32,32,0.096297312,0.014357068,0.007283934,,0.002637866,,,,,,1.722255421,0.146331455,0.066744109,0.12371891,0.043577523,,,,,,,,0.01154304,19.60%,0.00593536,18.51%,,,,,0.11532608,21.19%,0.05408704,18.96%,2776064,11104256,64,124,0.007936,524288,2097152,64,56.36,0.00360704,,,,,,,,,,,2097152,2097152,64,92.74,0.00593536,,,,,,86752,347008,1984,28.9,0.0573376,16384,65536,1984,23.41,0.04644544,,,,,,,,,,,65536,65536,1984,24.27,0.04815168,,,,,
,,64,8192,43376,4,4,256,256,0.486567545,0.075934832,0.024039005,,0.010998795,,,,,,14.32749481,1.188905909,0.544410955,0.120978363,0.659430682,,,,,,,,0.0620992,18.22%,0.020928,12.94%,,,,,0.9157984,22.97%,0.4170144,23.40%,22208512,88834048,64,797.4,0.0510336,4194304,16777216,64,172.9,0.0110656,,,,,,,,,,,16777216,16777216,64,327,0.020928,,,,,,86752,347008,16320,28.9,0.471648,16384,65536,16320,23.41,0.3820512,,,,,,,,,,,65536,65536,16320,24.27,0.3960864,,,,,
,,64,8192,43376,4,4,1024,1024,1.914624453,0.273646636,0.087457141,,0.09070085,,,,,,61.55166316,4.786000909,2.200343636,0.113503749,6.782317273,,,,,,,,0.2409664,11.94%,0.0771584,11.78%,,,,,3.66580672,23.41%,1.66616384,24.28%,88834048,355336192,64,3168.3,0.2027712,16777216,67108864,64,596.8,0.0381952,,,,,,,,,,,67108864,67108864,64,1205.6,0.0771584,,,,,,86752,347008,65472,28.9,1.8921408,16384,65536,65472,23.41,1.53269952,,,,,,,,,,,65536,65536,65472,24.27,1.58900544,,,,,
,,64,8192,43376,4,4,1500,548,2.891456747,0.397303364,0.129561545,,0.228324636,,,,,,34.8069736,2.729765909,1.194615,0.112746973,4.224192273,,,,,,,,0.36009728,9.36%,0.11220096,13.40%,,,,,2.19136576,19.72%,0.96184512,19.48%,130128000,520512000,64,4749.7,0.3039808,24576000,98304000,64,876.82,0.05611648,,,,,,,,,,,98304000,98304000,64,1753.14,0.11220096,,,,,,86752,347008,35008,28.9,1.0117312,16384,65536,35008,23.41,0.81953728,,,,,,,,,,,65536,65536,35008,24.27,0.84964416,,,,,
,M6-13B-8k,40,5120,27392,2,1,32,32,,,,,,,,,,,,,,,,,,,,,,,,,0.0035028,#DIV/0!,,,,,,,0.0309254,#DIV/0!,,,,,,,,,,,,,,,,,,,,,327680,327680,40,43.785,0.0017514,327680,327680,40,43.785,0.0017514,,,,,,,,,,,,,,,,,,,,,10240,10240,1240,11.0575,0.0137113,10240,10240,1240,11.0575,0.0137113
,,40,5120,27392,2,1,256,256,,,,,,,,,,,,,,,,,,,,,,,,,0.01107,#DIV/0!,,,,,,,0.236643,#DIV/0!,,,,,,,,,,,,,,,,,,,,,2621440,2621440,40,138.375,0.005535,2621440,2621440,40,138.375,0.005535,,,,,,,,,,,,,,,,,,,,,10240,10240,10200,11.0575,0.1127865,10240,10240,10200,11.0575,0.1127865
,,40,5120,27392,2,1,1024,1024,,,,,,,,,,,,,,,,,,,,,,,,,0.038836,#DIV/0!,,,,,,,0.9437818,#DIV/0!,,,,,,,,,,,,,,,,,,,,,10485760,10485760,40,485.45,0.019418,10485760,10485760,40,485.45,0.019418,,,,,,,,,,,,,,,,,,,,,10240,10240,40920,11.0575,0.4524729,10240,10240,40920,11.0575,0.4524729
,,40,5120,27392,2,1,1500,548,,,,,,,,,,,,,,,,,,,,,,,,,0.055657,#DIV/0!,,,,,,,0.5395332,#DIV/0!,,,,,,,,,,,,,,,,,,,,,15360000,15360000,40,695.7125,0.0278285,15360000,15360000,40,695.7125,0.0278285,,,,,,,,,,,,,,,,,,,,,10240,10240,21880,11.0575,0.2419381,10240,10240,21880,11.0575,0.2419381
,,40,5120,27392,2,2,32,32,,,,,,,,,,,,,,,,,,,,,,,,,0.0042368,#DIV/0!,,,,,,,0.0345052,#DIV/0!,,,,,,,,,,,,,,,,,,,,,655360,655360,40,52.96,0.0021184,655360,655360,40,52.96,0.0021184,,,,,,,,,,,,,,,,,,,,,20480,20480,1240,12.205,0.0151342,20480,20480,1240,12.205,0.0151342
,,40,5120,27392,2,2,256,256,,,,,,,,,,,,,,,,,,,,,,,,,0.020314,#DIV/0!,,,,,,,0.269296,#DIV/0!,,,,,,,,,,,,,,,,,,,,,5242880,5242880,40,253.925,0.010157,5242880,5242880,40,253.925,0.010157,,,,,,,,,,,,,,,,,,,,,20480,20480,10200,12.205,0.124491,20480,20480,10200,12.205,0.124491
,,40,5120,27392,2,2,1024,1024,,,,,,,,,,,,,,,,,,,,,,,,,0.076166,#DIV/0!,,,,,,,1.0750232,#DIV/0!,,,,,,,,,,,,,,,,,,,,,20971520,20971520,40,952.075,0.038083,20971520,20971520,40,952.075,0.038083,,,,,,,,,,,,,,,,,,,,,20480,20480,40920,12.205,0.4994286,20480,20480,40920,12.205,0.4994286
,,40,5120,27392,2,2,1500,548,,,,,,,,,,,,,,,,,,,,,,,,,0.1096955,#DIV/0!,,,,,,,0.6437863,#DIV/0!,,,,,,,,,,,,,,,,,,,,,30720000,30720000,40,1371.19375,0.05484775,30720000,30720000,40,1371.19375,0.05484775,,,,,,,,,,,,,,,,,,,,,20480,20480,21880,12.205,0.2670454,20480,20480,21880,12.205,0.2670454
,,40,5120,27392,2,4,32,32,,,,,,,,,,,,,,,,,,,,,,,,,0.006423,#DIV/0!,,,,,,,0.0413042,#DIV/0!,,,,,,,,,,,,,,,,,,,,,1310720,1310720,40,80.2875,0.0032115,1310720,1310720,40,80.2875,0.0032115,,,,,,,,,,,,,,,,,,,,,40960,40960,1240,14.065,0.0174406,40960,40960,1240,14.065,0.0174406
,,40,5120,27392,2,4,256,256,,,,,,,,,,,,,,,,,,,,,,,,,0.038836,#DIV/0!,,,,,,,0.325762,#DIV/0!,,,,,,,,,,,,,,,,,,,,,10485760,10485760,40,485.45,0.019418,10485760,10485760,40,485.45,0.019418,,,,,,,,,,,,,,,,,,,,,40960,40960,10200,14.065,0.143463,40960,40960,10200,14.065,0.143463
,,40,5120,27392,2,4,1024,1024,,,,,,,,,,,,,,,,,,,,,,,,,0.150658,#DIV/0!,,,,,,,1.3017376,#DIV/0!,,,,,,,,,,,,,,,,,,,,,41943040,41943040,40,1883.225,0.075329,41943040,41943040,40,1883.225,0.075329,,,,,,,,,,,,,,,,,,,,,40960,40960,40920,14.065,0.5755398,40960,40960,40920,14.065,0.5755398
,,40,5120,27392,2,4,1500,548,,,,,,,,,,,,,,,,,,,,,,,,,0.2184765,#DIV/0!,,,,,,,0.8339609,#DIV/0!,,,,,,,,,,,,,,,,,,,,,61440000,61440000,40,2730.95625,0.10923825,61440000,61440000,40,2730.95625,0.10923825,,,,,,,,,,,,,,,,,,,,,40960,40960,21880,14.065,0.3077422,40960,40960,21880,14.065,0.3077422
Break V1,M6-13B-8k,40,5120,27392,4,1,32,32,0.034010172,0.002432027,0.005411113,0.018154736,0.001472317,,,,,,0.678473759,0.001437586,0.069091745,0.412795273,0.024213005,,,,,,0.00779,60.31%,,,0.00274,49.36%,0.24923,36.85%,0.00032,98.59%,,,0.05623,18.62%,,,,,,,,,,,,,,,,,,,,,,,,,,,,,,,,,,,,,,,,,,,,,,,,,,,,,,,,,,,,
,,40,5120,27392,4,1,256,256,0.055514383,0.002210083,0.011304514,0.031760441,0.001966349,,,,,,5.476654482,0.007488352,0.522837,3.305286364,0.235525591,,,,,,0.01445,57.16%,,,0.00839,25.78%,1.99382,39.09%,0.02035,91.29%,,,0.43632,16.55%,,,,,,,,,,,,,,,,,,,,,,,,,,,,,,,,,,,,,,,,,,,,,,,,,,,,,,,,,,,,
,,40,5120,27392,4,1,2048,2048,0.265181923,0.003518392,0.037148495,0.168702045,0.032340918,,,,,,47.92392201,0.060378523,5.043876364,26.52743182,4.972284545,,,,,,0.12109,39.77%,,,0.03211,13.56%,15.95052,39.49%,1.30208,73.64%,,,3.45555,31.49%,,,,,,,,,,,,,,,,,,,,,,,,,,,,,,,,,,,,,,,,,,,,,,,,,,,,,,,,,,,,
,,40,5120,27392,4,1,4096,4096,0.590254736,0.004378955,0.074443368,0.338582955,0.130073909,,,,,,118.1577459,0.130842995,12.96507227,53.22065909,16.67864091,,,,,,0.25469,45.66%,,,0.06159,17.27%,31.90104,39.68%,5.20833,68.53%,,,6.90846,46.71%,,,,,,,,,,,,,,,,,,,,,,,,,,,,,,,,,,,,,,,,,,,,,,,,,,,,,,,,,,,,
,,40,5120,27392,4,1,6144,2048,0.998951292,0.001594304,0.110225886,0.516539591,0.304758409,,,,,,61.00438523,0.068303805,6.005319091,26.69557273,9.678229545,,,,,,0.40078,51.20%,,,0.09064,17.77%,15.95052,39.07%,3.03819,67.59%,,,3.51407,41.48%,,,,,,,,,,,,,,,,,,,,,,,,,,,,,,,,,,,,,,,,,,,,,,,,,,,,,,,,,,,,
,,40,5120,27392,4,2,32,32,0.034490633,0.000490772,0.005929572,0.018002191,0.001449102,,,,,,0.880841732,0.003094017,0.092036459,0.502123,0.027720782,,,,,,0.00779,59.95%,,,0.00422,28.83%,0.24923,48.52%,0.00064,97.56%,,,0.05869,36.23%,,,,,,,,,,,,,,,,,,,,,,,,,,,,,,,,,,,,,,,,,,,,,,,,,,,,,,,,,,,,
,,40,5120,27392,4,2,256,256,0.076631498,0.001200434,0.01183985,0.049545618,0.002550927,,,,,,7.366791534,0.018821665,0.744803682,4.069406364,0.292432727,,,,,,0.02891,44.51%,,,0.01204,-1.69%,1.99382,50.40%,0.04069,85.96%,,,0.44775,39.88%,,,,,,,,,,,,,,,,,,,,,,,,,,,,,,,,,,,,,,,,,,,,,,,,,,,,,,,,,,,,
,,40,5120,27392,4,2,2048,2048,0.524739695,0.001770778,0.072262005,0.339065227,0.066460105,,,,,,63.58045688,0.145940445,5.581251364,32.57358636,8.107522727,,,,,,0.24219,40.28%,,,0.06159,14.77%,15.95052,50.52%,2.60417,67.61%,,,3.54728,36.44%,,,,,,,,,,,,,,,,,,,,,,,,,,,,,,,,,,,,,,,,,,,,,,,,,,,,,,,,,,,,
,,40,5120,27392,4,2,4096,4096,1.15230875,0.004671331,0.143258,0.659096682,0.261894409,,,,,,147.7919219,0.2054975,11.79882591,65.04597273,33.92162273,,,,,,0.50938,44.69%,,,0.11991,16.30%,31.90104,50.45%,10.41667,69.05%,,,7.09131,39.90%,,,,,,,,,,,,,,,,,,,,,,,,,,,,,,,,,,,,,,,,,,,,,,,,,,,,,,,,,,,,
,,40,5120,27392,4,2,6144,2048,1.955031824,0.002142627,0.220481636,0.990796818,0.619233818,,,,,,80.8758831,0.108914259,6.206016364,33.16464091,21.15551364,,,,,,0.80156,50.21%,,,0.17858,19.00%,15.95052,50.42%,6.07639,70.41%,,,3.66428,40.96%,,,,,,,,,,,,,,,,,,,,,,,,,,,,,,,,,,,,,,,,,,,,,,,,,,,,,,,,,,,,
,,40,5120,27392,4,4,32,32,0.041841602,0.000183516,0.007945708,0.023345032,0.001379887,,,,,,0.89914794,0.003000651,0.096912177,0.469325727,0.026617709,,,,,,0.00779,68.49%,,,0.0057,28.26%,0.24923,44.12%,0.00127,94.97%,,,0.06349,34.49%,,,,,,,,,,,,,,,,,,,,,,,,,,,,,,,,,,,,,,,,,,,,,,,,,,,,,,,,,,,,
,,40,5120,27392,4,4,256,256,0.133646584,0.00160506,0.019676059,0.092240955,0.004478765,,,,,,7.258945084,0.015355933,0.784173091,3.797715,0.335173136,,,,,,0.05781,40.23%,,,0.01723,12.43%,1.99382,46.19%,0.08138,75.39%,,,0.47957,38.84%,,,,,,,,,,,,,,,,,,,,,,,,,,,,,,,,,,,,,,,,,,,,,,,,,,,,,,,,,,,,
,,40,5120,27392,4,4,2048,2048,1.023805189,0.002148324,0.145840591,0.659094318,0.1330535,,,,,,65.00656247,0.080381873,5.894727727,30.26792727,10.48453182,,,,,,0.48438,38.85%,,,0.11991,17.78%,15.95052,46.13%,5.20833,49.69%,,,3.8186,35.22%,,,,,,,,,,,,,,,,,,,,,,,,,,,,,,,,,,,,,,,,,,,,,,,,,,,,,,,,,,,,
,,40,5120,27392,4,4,4096,4096,2.314549303,0.002663564,0.287405636,1.342223636,0.520970455,,,,,,151.0675792,0.143695955,12.50299091,60.62909091,38.32015455,,,,,,1.01875,45.32%,,,0.23755,17.35%,31.90104,46.19%,20.83333,44.88%,,,7.63493,38.94%,,,,,,,,,,,,,,,,,,,,,167772160,167772160,40,2969.4,0.118776,167772160,167772160,40,2969.4,0.118776,,,,,,,,,,,,,,,,,,,,,40960,40960,163800,22.575,3.697785,40960,40960,163800,22.575,3.697785
,,40,5120,27392,4,4,6144,2048,3.953914738,0.003547591,0.437746545,1.998368636,1.27459,,,,,,82.14669971,0.074596959,6.728797727,31.60665909,22.97640455,,,,,,1.60312,51.02%,,,0.35565,18.75%,15.95052,46.13%,12.15278,44.00%,,,4.05434,39.75%,,,,,,,,,,,,,,,,,,,,,,,,,,,,,,,,,,,,,,,,,,,,,,,,,,,,,,,,,,,,
No Break,M6-13B-8k,40,5120,27392,4,1,32,32,0.028036594,,,,,,,,,,0.494632196,,,,,,,,,,,,,,,,,,,,,,0.05623,#DIV/0!,,,,,,,,,,,,,,,,,,,,,,,,,,,,,,,,,,,,,,,,,,,,,,,,,,,,,,,,,,,,
,,40,5120,27392,4,1,256,256,0.050751305,,,,,,,,,,3.987007904,,,,,,,,,,,,,,,,,,,,,,0.43632,#DIV/0!,,,,,,,,,,,,,,,,,,,,,,,,,,,,,,,,,,,,,,,,,,,,,,,,,,,,,,,,,,,,
,,40,5120,27392,4,1,2048,2048,0.261492634,,,,,,,,,,34.83231225,,,,,,,,,,,,,,,,,,,,,,3.45555,#DIV/0!,,,,,,,,,,,,,,,,,,,,,,,,,,,,,,,,,,,,,,,,,,,,,,,,,,,,,,,,,,,,
,,40,5120,27392,4,1,4096,4096,0.583220387,,,,,,,,,,76.22128544,,,,,,,,,,,,,,,,,,,,,,6.90846,#DIV/0!,,,,,,,,,,,,,,,,,,,,,,,,,,,,,,,,,,,,,,,,,,,,,,,,,,,,,,,,,,,,
,,40,5120,27392,4,1,6144,2048,0.997548294,,,,,,,,,,39.91974559,,,,,,,,,,,,,,,,,,,,,,3.51407,#DIV/0!,,,,,,,,,,,,,,,,,,,,,,,,,,,,,,,,,,,,,,,,,,,,,,,,,,,,,,,,,,,,
,,40,5120,27392,4,2,32,32,0.027845192,,,,,,,,,,0.593933535,,,,,,,,,,,,,,,,,,,,,,0.05869,#DIV/0!,,,,,,,,,,,,,,,,,,,,,,,,,,,,,,,,,,,,,,,,,,,,,,,,,,,,,,,,,,,,
,,40,5120,27392,4,2,256,256,0.074102831,,,,,,,,,,4.856108427,,,,,,,,,,,,,,,,,,,,,,0.44775,#DIV/0!,,,,,,,,,,,,,,,,,,,,,,,,,,,,,,,,,,,,,,,,,,,,,,,,,,,,,,,,,,,,
,,40,5120,27392,4,2,2048,2048,0.521403408,,,,,,,,,,44.537678,,,,,,,,,,,,,,,,,,,,,,3.54728,#DIV/0!,,,,,,,,,,,,,,,,,,,,,,,,,,,,,,,,,,,,,,,,,,,,,,,,,,,,,,,,,,,,
,,40,5120,27392,4,2,4096,4096,1.152261591,,,,,,,,,,107.7735172,,,,,,,,,,,,,,,,,,,,,,7.09131,#DIV/0!,,,,,,,,,,,,,,,,,,,,,,,,,,,,,,,,,,,,,,,,,,,,,,,,,,,,,,,,,,,,
,,40,5120,27392,4,2,6144,2048,1.953163242,,,,,,,,,,59.4423655,,,,,,,,,,,,,,,,,,,,,,3.66428,#DIV/0!,,,,,,,,,,,,,,,,,,,,,,,,,,,,,,,,,,,,,,,,,,,,,,,,,,,,,,,,,,,,
,,40,5120,27392,4,4,32,32,0.036111259,,,,,,,,,,0.569489813,,,,,,,,,,,,,,,,,,,,,,0.06349,#DIV/0!,,,,,,,,,,,,,,,,,,,,,,,,,,,,,,,,,,,,,,,,,,,,,,,,,,,,,,,,,,,,
,,40,5120,27392,4,4,256,256,0.129546976,,,,,,,,,,4.671144056,,,,,,,,,,,,,,,,,,,,,,0.47957,#DIV/0!,,,,,,,,,,,,,,,,,,,,,,,,,,,,,,,,,,,,,,,,,,,,,,,,,,,,,,,,,,,,
,,40,5120,27392,4,4,2048,2048,1.020952606,,,,,,,,,,45.3290514,,,,,,,,,,,,,,,,,,,,,,3.8186,#DIV/0!,,,,,,,,,,,,,,,,,,,,,,,,,,,,,,,,,,,,,,,,,,,,,,,,,,,,,,,,,,,,
,,40,5120,27392,4,4,4096,4096,2.322983694,,,,,,,,,,108.6840322,,,,,,,,,,,,,,,,,,,,,,7.63493,#DIV/0!,,,,,,,,,,,,,,,,,,,,,,,,,,,,,,,,,,,,,,,,,,,,,,,,,,,,,,,,,,,,
,,40,5120,27392,4,4,6144,2048,3.967094231,,,,,,,,,,59.79695268,,,,,,,,,,,,,,,,,,,,,,4.05434,#DIV/0!,,,,,,,,,,,,,,,,,,,,,,,,,,,,,,,,,,,,,,,,,,,,,,,,,,,,,,,,,,,,
Accurate,M6-13B-8k,40,5120,27392,4,1,32,32,0.043986082,0.0023101,0.005834037,0.018267486,,0.001504336,0.000350745,0.000846195,0.000744972,0.000973908,1.10220108,0.005146266,0.093278609,0.4272945,,0.025461982,0.007425375,0.023227032,0.020071655,0.027896309,0.00779,60.60%,,,0.00274,53.03%,0.24923,39.07%,0.00032,98.66%,,,0.05623,39.72%,,,,,,,,,,,,,,,,,,,,,,,,,,,,,,,,,,,,,,,,,,,,,,,,,,,,,,,,,,,,
,,40,5120,27392,4,1,256,256,0.114332628,0.004384089,0.015975858,0.032415045,,0.001690571,0.0006221,0.001529053,0.001488928,0.001186466,8.804687119,0.010817484,0.754781455,3.356752273,,0.233627909,0.059661332,0.181359364,0.158454091,0.2195485,0.01445,57.63%,,,0.00839,47.48%,1.99382,40.02%,0.02035,91.23%,,,0.43632,42.19%,,,,,,,,,,,,,,,,,,,,,,,,,,,,,,,,,,,,,,,,,,,,,,,,,,,,,,,,,,,,
,,40,5120,27392,4,1,2048,2048,0.273296881,0.002746604,0.036620791,0.168987318,,0.021504168,0.009853658,0.009108819,0.00786043,0.003331105,75.36788363,0.065028482,6.878082273,26.81203636,,4.726015909,0.696322136,1.469252727,1.282620909,1.749553182,0.12109,36.43%,,,0.03211,12.32%,15.95052,40.13%,1.30208,72.32%,,,3.45555,49.76%,,,,,,,,,,,,,,,,,,,,,,,,,,,,,,,,,,,,,,,,,,,,,,,,,,,,,,,,,,,,
,,40,5120,27392,4,1,4096,4096,0.598834848,0.001837399,0.072330255,0.338594136,,0.086650805,0.038875468,0.017326805,0.015117609,0.005590836,166.609398,0.125671136,13.87069182,53.78937273,,15.70912727,1.925889545,2.925207273,2.539927273,3.479327727,0.25469,40.11%,,,0.06159,14.85%,31.90104,40.32%,5.20833,66.66%,,,6.90846,50.19%,,,,,,,,,,,,,,,,,,,,,,,,,,,,,,,,,,,,,,,,,,,,,,,,,,,,,,,,,,,,
,,40,5120,27392,4,1,6144,2048,1.004646158,0.007968854,0.109230655,0.514628909,,0.196236318,0.104680318,0.02546475,0.02236275,0.007819459,81.12497325,0.06647205,6.339361818,27.18815,,9.004751818,1.162719545,1.459065,1.276653182,1.736778182,0.40078,43.62%,,,0.09064,17.02%,15.95052,40.20%,3.03819,65.51%,,,3.51407,44.57%,,,,,,,,,,,,,,,,,,,,,,,,,,,,,,,,,,,,,,,,,,,,,,,,,,,,,,,,,,,,
,,40,5120,27392,4,2,32,32,0.044304562,0.000857502,0.006672323,0.018500241,,0.001394392,0.000381776,0.00094439,0.000804068,0.001013803,1.253469133,0.007236258,0.114623409,0.512810045,,0.027080159,0.007475719,0.023430641,0.019753364,0.027612277,0.00779,60.84%,,,0.00422,36.75%,0.24923,49.58%,0.00064,97.51%,,,0.05869,48.80%,,,,,,,,,,,,,,,,,,,,,,,,,,,,,,,,,,,,,,,,,,,,,,,,,,,,,,,,,,,,
,,40,5120,27392,4,2,256,256,0.088129234,0.004299734,0.013728859,0.050482118,,0.001787023,0.000945952,0.002642554,0.002600988,0.001500557,9.900073576,0.021936513,0.837797955,4.131386818,,0.294064364,0.061481591,0.192189273,0.159111409,0.226184545,0.02891,44.69%,,,0.01204,12.30%,1.99382,51.14%,0.04069,86.08%,,,0.44775,46.56%,,,,,,,,,,,,,,,,,,,,,,,,,,,,,,,,,,,,,,,,,,,,,,,,,,,,,,,,,,,,
,,40,5120,27392,4,2,2048,2048,0.535819149,0.004620273,0.074303405,0.337901,,0.044454659,0.019416373,0.017273936,0.015135895,0.005567561,86.52859802,0.149338482,6.777716364,33.05977273,,7.876270909,0.736526045,1.470302273,1.289872727,1.768377727,0.24219,36.66%,,,0.06159,17.11%,15.95052,51.25%,2.60417,66.75%,,,3.54728,47.66%,,,,,,,,,,,,,,,,,,,,,,,,,,,,,,,,,,,,,,,,,,,,,,,,,,,,,,,,,,,,
,,40,5120,27392,4,2,4096,4096,1.204677534,0.007314277,0.147314091,0.658697545,,0.179679182,0.077515109,0.033649023,0.029899873,0.010166256,199.1666005,0.285309227,15.22071364,66.01708636,,32.89721818,2.023064091,3.00333,2.531755,3.474162727,0.50938,39.24%,,,0.11991,18.60%,31.90104,51.19%,10.41667,68.16%,,,7.09131,53.41%,,,,,,,,,,,,,,,,,,,,,,,,,,,,,,,,,,,,,,,,,,,,,,,,,,,,,,,,,,,,
,,40,5120,27392,4,2,6144,2048,1.957792282,0.00416695,0.216466591,0.989988136,,0.399194,0.209834136,0.049823445,0.0447056,0.014633845,101.0404549,0.129025464,7.248446364,33.49273636,,20.24939545,1.305602727,1.578746818,1.309431818,1.765729545,0.80156,42.30%,,,0.17858,17.50%,15.95052,50.93%,6.07639,69.39%,,,3.66428,49.45%,,,,,,,,,,,,,,,,,,,,,,,,,,,,,,,,,,,,,,,,,,,,,,,,,,,,,,,,,,,,
,,40,5120,27392,4,4,32,32,0.09794836,0.002875208,0.010051143,0.023821668,,0.001382445,0.000423373,0.001060295,0.001080419,0.001039473,1.159831953,0.003953251,0.103727,0.478342045,,0.026801,0.007648174,0.023237191,0.020167518,0.028584973,0.00779,69.09%,,,0.0057,43.29%,0.24923,45.17%,0.00127,95.00%,,,0.06349,38.79%,,,,,,,,,,,,,,,,,,,,,,,,,,,,,,,,,,,,,,,,,,,,,,,,,,,,,,,,,,,,
,,40,5120,27392,4,4,256,256,0.143031931,0.000938974,0.020260636,0.092195614,,0.002424618,0.001597815,0.004923511,0.004282421,0.002159492,9.798050833,0.01113163,0.922011909,3.86301,,0.337115,0.062856345,0.2004675,0.162525727,0.226437273,0.05781,38.90%,,,0.01723,14.96%,1.99382,47.12%,0.08138,75.68%,,,0.47957,47.99%,,,,,,,,,,,,,,,,,,,,,,,,,,,,,,,,,,,,,,,,,,,,,,,,,,,,,,,,,,,,
,,40,5120,27392,4,4,2048,2048,1.053852224,0.00289525,0.145340591,0.657646045,,0.089001577,0.038556505,0.033640077,0.030044527,0.010204773,85.39254546,0.071972705,6.562853636,30.39181818,,10.10731818,0.770533,1.451679545,1.275759545,1.766696364,0.48438,35.13%,,,0.11991,17.50%,15.95052,46.36%,5.20833,48.01%,,,3.8186,41.81%,,,,,,,,,,,,,,,,,,,,,,,,,,,,,,,,,,,,,,,,,,,,,,,,,,,,,,,,,,,,
,,40,5120,27392,4,4,4096,4096,2.326876163,0.003200403,0.289839,1.342260455,,0.355392864,0.154868591,0.065997782,0.060123014,0.019524,201.1526672,0.144837273,16.3975,61.52645,,37.03910455,2.160883182,2.995275909,2.576432273,3.632863636,1.01875,39.99%,,,0.23755,18.04%,31.90104,46.99%,20.83333,43.21%,,,7.63493,53.44%,,,,,,,,,,,,,,,,,,,,,,,,,,,,,,,,,,,,,,,,,,,,,,,,,,,,,,,,,,,,
,,40,5120,27392,4,4,6144,2048,3.976580524,0.004863557,0.444122136,2.001935,,0.831443136,0.427867273,0.098147359,0.091622486,0.029107145,101.4070953,0.077822,7.326671818,32.08167727,,21.86839545,1.549521364,1.623191364,1.346323636,1.826920455,1.60312,43.42%,,,0.35565,19.92%,15.95052,46.97%,12.15278,42.23%,,,4.05434,44.66%,,,,,,,,,,,,,,,,,,,,,,,,,,,,,,,,,,,,,,,,,,,,,,,,,,,,,,,,,,,,
Multi-Iter,M6-13B-8K,40,5120,27392,4,1,32,32,,0.001924729,0.00433776,0.015058734,,0.00076767,0.000150066,0.000321032,0.000412865,0.00050947,,0.001134907,0.05603515,0.368523438,,0.014829,0.003602025,0.009840344,0.0113527,0.01567945,0.00779,50.78%,,,0.00274,36.83%,0.24923,29.49%,0.00032,97.72%,,,0.05623,-0.35%,,,,,,,,,,,,,,,,,,,,,,,,,,,,,,,,,,,,,,,,,,,,,,,,,,,,,,,,,,,,
,,40,5120,27392,4,1,256,256,,0.002647469,0.010680109,0.027732953,,0.000793822,0.000448644,0.001128901,0.001136534,0.000638012,,0.004709708,0.342442,2.938360938,,0.126774781,0.0301772,0.0792721,0.091087888,0.125725375,0.01445,49.35%,,,0.00839,21.44%,1.99382,31.50%,0.02035,83.85%,,,0.43632,-27.41%,,,,,,,,,,,,,,,,,,,,,,,,,,,,,,,,,,,,,,,,,,,,,,,,,,,,,,,,,,,,
,,40,5120,27392,4,1,2048,2048,,0.005572201,0.0335612,0.154174219,,0.020796734,0.009692389,0.008664013,0.007780489,0.00289899,,0.030829825,2.940755,23.54526563,,3.825596875,0.448038875,0.64095875,0.72739025,1.006049875,0.12109,30.79%,,,0.03211,4.32%,15.95052,31.81%,1.30208,65.78%,,,3.45555,-17.51%,,,,,,,,,,,,,,,,,,,,,,,,,,,,,,,,,,,,,,,,,,,,,,,,,,,,,,,,,,,,
,,40,5120,27392,4,1,4096,4096,,0.002133856,0.06816245,0.310070625,,0.08552825,0.038636225,0.016854963,0.015145988,0.005108328,,0.062706288,6.0559075,47.07021875,,14.21170313,1.35123375,1.27835,1.46555,2.02108625,0.25469,35.62%,,,0.06159,9.64%,31.90104,31.78%,5.20833,63.13%,,,6.90846,-14.08%,,,,,,,,,,,,,,,,,,,,,,,,,,,,,,,,,,,,,,,,,,,,,,,,,,,,,,,,,,,,
,,40,5120,27392,4,1,6144,2048,,0.011126931,0.098628213,0.478325313,,0.193078594,0.104110375,0.024999713,0.022485088,0.007312831,,0.03136275,2.76684125,23.87890625,,8.248775,0.852866875,0.654841375,0.747047125,1.016435,0.40078,40.31%,,,0.09064,8.10%,15.95052,31.84%,3.03819,62.29%,,,3.51407,-27.01%,,,,,,,,,,,,,,,,,,,,,,,,,,,,,,,,,,,,,,,,,,,,,,,,,,,,,,,,,,,,
,,40,5120,27392,4,2,32,32,,0.001292355,0.005070121,0.015215219,,0.000774985,0.000189502,0.000358304,0.000479554,0.000521262,,0.003559502,0.056095237,0.457095313,,0.015318391,0.003673996,0.010239019,0.011490538,0.01584625,0.00779,51.28%,,,0.00422,16.77%,0.24923,43.60%,0.00064,95.60%,,,0.05869,-4.63%,,,,,,,,,,,,,,,,,,,,,,,,,,,,,,,,,,,,,,,,,,,,,,,,,,,,,,,,,,,,
,,40,5120,27392,4,2,256,256,,0.003375975,0.011227163,0.044580484,,0.000998148,0.000773872,0.002470318,0.002343345,0.000862254,,0.014677327,0.421426875,3.671084375,,0.164343906,0.030627225,0.081446088,0.092531588,0.125964125,0.02891,36.57%,,,0.01204,-7.24%,1.99382,45.02%,0.04069,75.09%,,,0.44775,-6.25%,,,,,,,,,,,,,,,,,,,,,,,,,,,,,,,,,,,,,,,,,,,,,,,,,,,,,,,,,,,,
,,40,5120,27392,4,2,2048,2048,,0.001920498,0.066021325,0.309755,,0.042780188,0.01922575,0.016837238,0.015144175,0.005115628,,0.117095888,2.93482125,29.40828125,,7.12610625,0.461792375,0.638683125,0.739605875,1.007011125,0.24219,31.30%,,,0.06159,6.71%,15.95052,45.18%,2.60417,63.24%,,,3.54728,-20.87%,,,,,,,,,,,,,,,,,,,,,,,,,,,,,,,,,,,,,,,,,,,,,,,,,,,,,,,,,,,,
,,40,5120,27392,4,2,4096,4096,,0.01059248,0.131349,0.603132031,,0.1736075,0.07715445,0.0331069,0.030068225,0.009587975,,0.10697005,6.41773125,58.90457813,,31.879,1.400495,1.292005,1.48184125,2.019955,0.50938,34.42%,,,0.11991,8.71%,31.90104,45.28%,10.41667,67.15%,,,7.09131,-10.50%,,,,,,,,,,,,,,,,,,,,,,,,,,,,,,,,,,,,,,,,,,,,,,,,,,,,,,,,,,,,
,,40,5120,27392,4,2,6144,2048,,0.002308504,0.2061015,0.915070156,,0.394639688,0.208075375,0.049344525,0.044864975,0.013999138,,0.068553088,3.3385975,30.12198438,,20.15496875,0.96724575,0.681857125,0.769311875,1.02554875,0.80156,38.80%,,,0.17858,13.35%,15.95052,45.39%,6.07639,69.25%,,,3.66428,-9.76%,,,,,,,,,,,,,,,,,,,,,,,,,,,,,,,,,,,,,,,,,,,,,,,,,,,,,,,,,,,,
,,40,5120,27392,4,4,32,32,,0.001557996,0.006778494,0.020692516,,0.000760669,0.00027331,0.000414264,0.000717054,0.000556042,,0.002421196,0.055133037,0.420950781,,0.014601375,0.003704638,0.009935685,0.0117697,0.0158672,0.00779,63.69%,,,0.0057,15.91%,0.24923,37.73%,0.00127,90.82%,,,0.06349,-15.16%,,,,,,,,,,,,,,,,,,,,,,,,,,,,,,,,,,,,,,,,,,,,,,,,,,,,,,,,,,,,
,,40,5120,27392,4,4,256,256,,0.002261487,0.017988613,0.086629859,,0.002079664,0.001437681,0.004563181,0.004161049,0.001378756,,0.008616884,0.421626,3.378276563,,0.167383594,0.03150875,0.082489163,0.09526565,0.127210625,0.05781,34.83%,,,0.01723,4.22%,1.99382,39.43%,0.08138,50.77%,,,0.47957,-13.74%,,,,,,,,,,,,,,,,,,,,,,,,,,,,,,,,,,,,,,,,,,,,,,,,,,,,,,,,,,,,
,,40,5120,27392,4,4,2048,2048,,0.001503633,0.13222675,0.603715156,,0.087152047,0.038336113,0.03309335,0.030124913,0.009596231,,0.045405538,3.4338575,27.0686875,,9.405739063,0.484472625,0.666675375,0.758727875,1.02189875,0.48438,29.89%,,,0.11991,9.31%,15.95052,39.73%,5.20833,44.11%,,,3.8186,-11.20%,,,,,,,,,,,,,,,,,,,,,,,,,,,,,,,,,,,,,,,,,,,,,,,,,,,,,,,,,,,,
,,40,5120,27392,4,4,4096,4096,,0.014503476,0.269220375,1.243250938,,0.349291563,0.15409375,0.065515875,0.059467125,0.018556288,,0.089498113,7.18142,54.1625,,35.41345313,1.482615,1.32719875,1.5198325,2.03654125,1.01875,36.03%,,,0.23755,11.76%,31.90104,39.72%,20.83333,40.59%,,,7.63493,-6.32%,,,,,,,,,,,,,,,,,,,,,,,,,,,,,,,,,,,,,,,,,,,,,,,,,,,,,,,,,,,,
,,40,5120,27392,4,4,6144,2048,,0.003627175,0.414304375,1.825309375,,0.817284688,0.415406,0.0978674,0.089052088,0.027535437,,0.0486685,3.95549625,28.32145313,,21.06596875,1.1773675,0.732310375,0.817215875,1.03389875,1.60312,39.34%,,,0.35565,14.16%,15.95052,39.80%,12.15278,39.98%,,,4.05434,-2.50%,,,,,,,,,,,,,,,,,,,,,,,,,,,,,,,,,,,,,,,,,,,,,,,,,,,,,,,,,,,,
,,40,5120,27392,4,8,32,32,,0.002097267,0.009271048,0.027883672,,0.000760154,0.000447548,0.001132481,0.001145171,0.000646711,,0.003494221,0.067277488,0.435654688,,0.014971313,0.003953289,0.010589275,0.012285063,0.015995175,0.01437,49.83%,,,0.00839,9.50%,0.24923,38.88%,0.00254,82.13%,,,0.07382,-9.72%,,,,,,,,,,,,,,,,,,,,,,,,,,,,,,,,,,,,,,,,,,,,,,,,,,,,,,,,,,,,
,,40,5120,27392,4,8,256,256,,0.001086365,0.033520225,0.154676563,,0.003695713,0.002760171,0.008662925,0.007801622,0.002897966,,0.007586408,0.546775,3.51070625,,0.373354063,0.0336546,0.087271338,0.099093563,0.129313375,0.11563,26.99%,,,0.03211,4.21%,1.99382,40.59%,0.16276,55.97%,,,0.55553,-1.60%,,,,,,,,,,,,,,,,,,,,,,,,,,,,,,,,,,,,,,,,,,,,,,,,,,,,,,,,,,,,
,,40,5120,27392,4,8,2048,2048,,0.009201874,0.27094075,1.24390875,,0.176081563,0.076509988,0.065527488,0.059434088,0.018521213,,0.046366713,4.11661125,28.22326563,,18.47032812,0.54226625,0.694346,0.798201375,1.0326775,0.96875,31.78%,,,0.23755,12.32%,15.95052,40.88%,10.41667,43.06%,,,4.42489,-7.49%,,,,,,,,,,,,,,,,,,,,,,,,,,,,,,,,,,,,,,,,,,,,,,,,,,,,,,,,,,,,
,,40,5120,27392,4,8,4096,4096,,0.006394253,0.541391,2.439190625,,0.702963594,0.30785925,0.130379625,0.117810625,0.036584113,,0.104368237,9.70358125,56.39651563,,73.48240625,1.65358625,1.40121125,1.58398125,2.0618375,2.0375,35.16%,,,0.47413,12.42%,31.90104,40.88%,41.66667,42.75%,,,8.84881,8.81%,,,,,,,,,,,,,,,,,,,,,,,,,,,,,,,,,,,,,,,,,,,,,,,,,,,,,,,,,,,,
,,40,5120,27392,4,8,6144,2048,,,,,,,,,,,,,,,,,,,,,,,,,,,,,,,,,,,,,,,,,,,,,,,,,,,,,,,,,,,,,,,,,,,,,,,,,,,,,,,,,,,,,,,,,,,,,,
,,,,,,,,,,,,,,,,,,,,,,,,,,,,,,,,,,,,,,,,,,,,,,,,,,,,,,,,,,,,,,,,,,,,,,,,,,,,,,,,,,,,,,,,,,,,,,,,,,,,,,
,,,,,,,,,,,,,,,,,,,,,,,,,,,,,,,,,,,,,,,,,,,,,,,,,,,,,,,,,,,,,,,,,,,,,,,,,,,,,,,,,,,,,,,,,,,,,,,,,,,,,,
,,,,,,,,,,,,,,,,,,,,,,,,,,,,,,,,,,,,,,,,,,,,,,,,,,,,,,,,,,,,,,,,,,,,,,,,,,,,,,,,,,,,,,,,,,,,,,,,,,,,,,
,,,,,,,,,,,,,,,,,,,,,,,,,,,,,,,,,,,,,,,,,,,,,,,,,,,,,,,,,,,,,,,,,,,,,,,,,,,,,,,,,,,,,,,,,,,,,,,,,,,,,,
,,,,,,,,,,,,,,,,,,,,,,,,,,,,,,,,,,,,,,,,,,,,,,,,,,,,,,,,,,,,,,,,,,,,,,,,,,,,,,,,,,,,,,,,,,,,,,,,,,,,,,
,,,,,,,,,,,,,,,,,,,,,,,,,,,,,,,,,,,,,,,,,,,,,,,,,,,,,,,,,,,,,,,,,,,,,,,,,,,,,,,,,,,,,,,,,,,,,,,,,,,,,,
,,,,,,,,,,,,,,,,,,,,,,,,,,,,,,,,,,,,,,,,,,,,,,,,,,,,,,,,,,,,,,,,,,,,,,,,,,,,,,,,,,,,,,,,,,,,,,,,,,,,,,
,,,,,,,,,,,,,,,,,,,,,,,,,,,,,,,,,,,,,,,,,,,,,,,,,,,,,,,,,,,,,,,,,,,,,,,,,,,,,,,,,,,,,,,,,,,,,,,,,,,,,,
,,,,,,,,,,,,,,,,,,,,,,,,,,,,,,,,,,,,,,,,,,,,,,,,,,,,,,,,,,,,,,,,,,,,,,,,,,,,,,,,,,,,,,,,,,,,,,,,,,,,,,
,,,,,,,,,,,,,,,,,,,,,,,,,,,,,,,,,,,,,,,,,,,,,,,,,,,,,,,,,,,,,,,,,,,,,,,,,,,,,,,,,,,,,,,,,,,,,,,,,,,,,,
,,,,,,,,,AllGather,AllReduce,GemmOp,MHA-MV,MHA-Soft,Binary,LayerNom,Rotary,,,,,,,,,,,,,,,,,,,,,,,,,,,,,,,,,,,,,,,,,,,,,,,,,,,,,,,,,,,,,,,,,,,,,,,,,,,,,,,,,,,,,,
,,,,,,,,1_32_32,0.001924729,0.00433776,0.015058734,0.00076767,0.000150066,0.000321032,0.000412865,0.00050947,,,,,,,,,,,,,,,,,,,,,,,,,,,,,,,,,,,,,,,,,,,,,,,,,,,,,,,,,,,,,,,,,,,,,,,,,,,,,,,,,,,,,,
,,,,,,,,1_256_256,0.002647469,0.010680109,0.027732953,0.000793822,0.000448644,0.001128901,0.001136534,0.000638012,,,,,,,,,,,,,,,,,,,,,,,,,,,,,,,,,,,,,,,,,,,,,,,,,,,,,,,,,,,,,,,,,,,,,,,,,,,,,,,,,,,,,,
,,,,,,,,1_2048_2048,0.005572201,0.0335612,0.154174219,0.020796734,0.009692389,0.008664013,0.007780489,0.00289899,,,,,,,,,,,,,,,,,,,,,,,,,,,,,,,,,,,,,,,,,,,,,,,,,,,,,,,,,,,,,,,,,,,,,,,,,,,,,,,,,,,,,,
,,,,,,,,1_4096_4096,0.002133856,0.06816245,0.310070625,0.08552825,0.038636225,0.016854963,0.015145988,0.005108328,,,,,,,,,,,,,,,,,,,,,,,,,,,,,,,,,,,,,,,,,,,,,,,,,,,,,,,,,,,,,,,,,,,,,,,,,,,,,,,,,,,,,,
,,,,,,,,1_6144_2048,0.011126931,0.098628213,0.478325313,0.193078594,0.104110375,0.024999713,0.022485088,0.007312831,,,,,,,,,,,,,,,,,,,,,,,,,,,,,,,,,,,,,,,,,,,,,,,,,,,,,,,,,,,,,,,,,,,,,,,,,,,,,,,,,,,,,,
,,,,,,,,2_32_32,0.000646177,0.002535061,0.007607609,0.000387493,9.47508E-05,0.000179152,0.000239777,0.000260631,,,,,,,,,,,,,,,,,,,,,,,,,,,,,,,,,,,,,,,,,,,,,,,,,,,,,,,,,,,,,,,,,,,,,,,,,,,,,,,,,,,,,,
,,,,,,,,2_256_256,0.001687987,0.005613581,0.022290242,0.000499074,0.000386936,0.001235159,0.001171673,0.000431127,,,,,,,,,,,,,,,,,,,,,,,,,,,,,,,,,,,,,,,,,,,,,,,,,,,,,,,,,,,,,,,,,,,,,,,,,,,,,,,,,,,,,,
,,,,,,,,2_2048_2048,0.000960249,0.033010662,0.1548775,0.021390094,0.009612875,0.008418619,0.007572088,0.002557814,,,,,,,,,,,,,,,,,,,,,,,,,,,,,,,,,,,,,,,,,,,,,,,,,,,,,,,,,,,,,,,,,,,,,,,,,,,,,,,,,,,,,,
,,,,,,,,2_4096_4096,0.00529624,0.0656745,0.301566016,0.08680375,0.038577225,0.01655345,0.015034113,0.004793988,,,,,,,,,,,,,,,,,,,,,,,,,,,,,,,,,,,,,,,,,,,,,,,,,,,,,,,,,,,,,,,,,,,,,,,,,,,,,,,,,,,,,,
,,,,,,,,2_6144_2048,0.001154252,0.10305075,0.457535078,0.197319844,0.104037688,0.024672263,0.022432488,0.006999569,,,,,,,,,,,,,,,,,,,,,,,,,,,,,,,,,,,,,,,,,,,,,,,,,,,,,,,,,,,,,,,,,,,,,,,,,,,,,,,,,,,,,,
,,,,,,,,4_32_32,0.000389499,0.001694623,0.005173129,0.000190167,6.83275E-05,0.000103566,0.000179263,0.00013901,,,,,,,,,,,,,,,,,,,,,,,,,,,,,,,,,,,,,,,,,,,,,,,,,,,,,,,,,,,,,,,,,,,,,,,,,,,,,,,,,,,,,,
,,,,,,,,4_256_256,0.000565372,0.004497153,0.021657465,0.000519916,0.00035942,0.001140795,0.001040262,0.000344689,,,,,,,,,,,,,,,,,,,,,,,,,,,,,,,,,,,,,,,,,,,,,,,,,,,,,,,,,,,,,,,,,,,,,,,,,,,,,,,,,,,,,,
,,,,,,,,4_2048_2048,0.000375908,0.033056688,0.150928789,0.021788012,0.009584028,0.008273338,0.007531228,0.002399058,,,,,,,,,,,,,,,,,,,,,,,,,,,,,,,,,,,,,,,,,,,,,,,,,,,,,,,,,,,,,,,,,,,,,,,,,,,,,,,,,,,,,,
,,,,,,,,4_4096_4096,0.003625869,0.067305094,0.310812734,0.087322891,0.038523438,0.016378969,0.014866781,0.004639072,,,,,,,,,,,,,,,,,,,,,,,,,,,,,,,,,,,,,,,,,,,,,,,,,,,,,,,,,,,,,,,,,,,,,,,,,,,,,,,,,,,,,,
,,,,,,,,4_6144_2048,0.000906794,0.103576094,0.456327344,0.204321172,0.1038515,0.02446685,0.022263022,0.006883859,,,,,,,,,,,,,,,,,,,,,,,,,,,,,,,,,,,,,,,,,,,,,,,,,,,,,,,,,,,,,,,,,,,,,,,,,,,,,,,,,,,,,,
,,,,,,,,8_32_32,0.000262158,0.001158881,0.003485459,9.50193E-05,5.59435E-05,0.00014156,0.000143146,8.08388E-05,,,,,,,,,,,,,,,,,,,,,,,,,,,,,,,,,,,,,,,,,,,,,,,,,,,,,,,,,,,,,,,,,,,,,,,,,,,,,,,,,,,,,,
,,,,,,,,8_256_256,0.000135796,0.004190028,0.01933457,0.000461964,0.000345021,0.001082866,0.000975203,0.000362246,,,,,,,,,,,,,,,,,,,,,,,,,,,,,,,,,,,,,,,,,,,,,,,,,,,,,,,,,,,,,,,,,,,,,,,,,,,,,,,,,,,,,,
,,,,,,,,8_2048_2048,0.001150234,0.033867594,0.155488594,0.022010195,0.009563748,0.008190936,0.007429261,0.002315152,,,,,,,,,,,,,,,,,,,,,,,,,,,,,,,,,,,,,,,,,,,,,,,,,,,,,,,,,,,,,,,,,,,,,,,,,,,,,,,,,,,,,,
,,,,,,,,8_4096_4096,0.000799282,0.067673875,0.304898828,0.087870449,0.038482406,0.016297453,0.014726328,0.004573014,,,,,,,,,,,,,,,,,,,,,,,,,,,,,,,,,,,,,,,,,,,,,,,,,,,,,,,,,,,,,,,,,,,,,,,,,,,,,,,,,,,,,,
,,,,,,,,,,,,,,,,,,,,,,,,,,,,,,,,,,,,,,,,,,,,,,,,,,,,,,,,,,,,,,,,,,,,,,,,,,,,,,,,,,,,,,,,,,,,,,,,,,,,,,
,,,,,,,,,,,,,,,,,,,,,,,,,,,,,,,,,,,,,,,,,,,,,,,,,,,,,,,,,,,,,,,,,,,,,,,,,,,,,,,,,,,,,,,,,,,,,,,,,,,,,,
,,,,,,,,,,,,,,,,,,,,,,,,,,,,,,,,,,,,,,,,,,,,,,,,,,,,,,,,,,,,,,,,,,,,,,,,,,,,,,,,,,,,,,,,,,,,,,,,,,,,,,
,,,,,,,,,,,,,,,,,,,,,,,,,,,,,,,,,,,,,,,,,,,,,,,,,,,,,,,,,,,,,,,,,,,,,,,,,,,,,,,,,,,,,,,,,,,,,,,,,,,,,,
,,,,,,,,,,,,,,,,,,,,,,,,,,,,,,,,,,,,,,,,,,,,,,,,,,,,,,,,,,,,,,,,,,,,,,,,,,,,,,,,,,,,,,,,,,,,,,,,,,,,,,
,,,,,,,,,AllGather,AllReduce,GemmOp,MHA-MV,MHA-Soft,Binary,LayerNom,Rotary,,,,,,,,,,,,,,,,,,,,,,,,,,,,,,,,,,,,,,,,,,,,,,,,,,,,,,,,,,,,,,,,,,,,,,,,,,,,,,,,,,,,,,
,,,,,,,,1_32_32,0.001134907,0.05603515,0.368523438,0.014829,0.003602025,0.009840344,0.0113527,0.01567945,,,,,,,,,,,,,,,,,,,,,,,,,,,,,,,,,,,,,,,,,,,,,,,,,,,,,,,,,,,,,,,,,,,,,,,,,,,,,,,,,,,,,,
,,,,,,,,1_256_256,0.004709708,0.342442,2.938360938,0.126774781,0.0301772,0.0792721,0.091087888,0.125725375,,,,,,,,,,,,,,,,,,,,,,,,,,,,,,,,,,,,,,,,,,,,,,,,,,,,,,,,,,,,,,,,,,,,,,,,,,,,,,,,,,,,,,
,,,,,,,,1_2048_2048,0.030829825,2.940755,23.54526563,3.825596875,0.448038875,0.64095875,0.72739025,1.006049875,,,,,,,,,,,,,,,,,,,,,,,,,,,,,,,,,,,,,,,,,,,,,,,,,,,,,,,,,,,,,,,,,,,,,,,,,,,,,,,,,,,,,,
,,,,,,,,1_4096_4096,0.062706288,6.0559075,47.07021875,14.21170313,1.35123375,1.27835,1.46555,2.02108625,,,,,,,,,,,,,,,,,,,,,,,,,,,,,,,,,,,,,,,,,,,,,,,,,,,,,,,,,,,,,,,,,,,,,,,,,,,,,,,,,,,,,,
,,,,,,,,1_6144_2048,0.03136275,2.76684125,23.87890625,8.248775,0.852866875,0.654841375,0.747047125,1.016435,,,,,,,,,,,,,,,,,,,,,,,,,,,,,,,,,,,,,,,,,,,,,,,,,,,,,,,,,,,,,,,,,,,,,,,,,,,,,,,,,,,,,,
,,,,,,,,2_32_32,0.001779751,0.028047619,0.228547656,0.007659195,0.001836998,0.005119509,0.005745269,0.007923125,,,,,,,,,,,,,,,,,,,,,,,,,,,,,,,,,,,,,,,,,,,,,,,,,,,,,,,,,,,,,,,,,,,,,,,,,,,,,,,,,,,,,,
,,,,,,,,2_256_256,0.007338664,0.210713438,1.835542188,0.082171953,0.015313613,0.040723044,0.046265794,0.062982062,,,,,,,,,,,,,,,,,,,,,,,,,,,,,,,,,,,,,,,,,,,,,,,,,,,,,,,,,,,,,,,,,,,,,,,,,,,,,,,,,,,,,,
,,,,,,,,2_2048_2048,0.058547944,1.467410625,14.70414063,3.563053125,0.230896188,0.319341563,0.369802938,0.503505563,,,,,,,,,,,,,,,,,,,,,,,,,,,,,,,,,,,,,,,,,,,,,,,,,,,,,,,,,,,,,,,,,,,,,,,,,,,,,,,,,,,,,,
,,,,,,,,2_4096_4096,0.053485025,3.208865625,29.45228906,15.9395,0.7002475,0.6460025,0.740920625,1.0099775,,,,,,,,,,,,,,,,,,,,,,,,,,,,,,,,,,,,,,,,,,,,,,,,,,,,,,,,,,,,,,,,,,,,,,,,,,,,,,,,,,,,,,
,,,,,,,,2_6144_2048,0.034276544,1.66929875,15.06099219,10.07748438,0.483622875,0.340928563,0.384655938,0.512774375,,,,,,,,,,,,,,,,,,,,,,,,,,,,,,,,,,,,,,,,,,,,,,,,,,,,,,,,,,,,,,,,,,,,,,,,,,,,,,,,,,,,,,
,,,,,,,,4_32_32,0.000605299,0.013783259,0.105237695,0.003650344,0.000926159,0.002483921,0.002942425,0.0039668,,,,,,,,,,,,,,,,,,,,,,,,,,,,,,,,,,,,,,,,,,,,,,,,,,,,,,,,,,,,,,,,,,,,,,,,,,,,,,,,,,,,,,
,,,,,,,,4_256_256,0.002154221,0.1054065,0.844569141,0.041845898,0.007877188,0.020622291,0.023816413,0.031802656,,,,,,,,,,,,,,,,,,,,,,,,,,,,,,,,,,,,,,,,,,,,,,,,,,,,,,,,,,,,,,,,,,,,,,,,,,,,,,,,,,,,,,
,,,,,,,,4_2048_2048,0.011351384,0.858464375,6.767171875,2.351434766,0.121118156,0.166668844,0.189681969,0.255474688,,,,,,,,,,,,,,,,,,,,,,,,,,,,,,,,,,,,,,,,,,,,,,,,,,,,,,,,,,,,,,,,,,,,,,,,,,,,,,,,,,,,,,
,,,,,,,,4_4096_4096,0.022374528,1.795355,13.540625,8.853363281,0.37065375,0.331799688,0.379958125,0.509135313,,,,,,,,,,,,,,,,,,,,,,,,,,,,,,,,,,,,,,,,,,,,,,,,,,,,,,,,,,,,,,,,,,,,,,,,,,,,,,,,,,,,,,
,,,,,,,,4_6144_2048,0.012167125,0.988874063,7.080363281,5.266492188,0.294341875,0.183077594,0.204303969,0.258474687,,,,,,,,,,,,,,,,,,,,,,,,,,,,,,,,,,,,,,,,,,,,,,,,,,,,,,,,,,,,,,,,,,,,,,,,,,,,,,,,,,,,,,
,,,,,,,,8_32_32,0.000436778,0.008409686,0.054456836,0.001871414,0.000494161,0.001323659,0.001535633,0.001999397,,,,,,,,,,,,,,,,,,,,,,,,,,,,,,,,,,,,,,,,,,,,,,,,,,,,,,,,,,,,,,,,,,,,,,,,,,,,,,,,,,,,,,
,,,,,,,,8_256_256,0.000948301,0.068346875,0.438838281,0.046669258,0.004206825,0.010908917,0.012386695,0.016164172,,,,,,,,,,,,,,,,,,,,,,,,,,,,,,,,,,,,,,,,,,,,,,,,,,,,,,,,,,,,,,,,,,,,,,,,,,,,,,,,,,,,,,
,,,,,,,,8_2048_2048,0.005795839,0.514576406,3.527908203,2.308791016,0.067783281,0.08679325,0.099775172,0.129084688,,,,,,,,,,,,,,,,,,,,,,,,,,,,,,,,,,,,,,,,,,,,,,,,,,,,,,,,,,,,,,,,,,,,,,,,,,,,,,,,,,,,,,
,,,,,,,,8_4096_4096,0.01304603,1.212947656,7.049564453,9.185300781,0.206698281,0.175151406,0.197997656,0.257729688,,,,,,,,,,,,,,,,,,,,,,,,,,,,,,,,,,,,,,,,,,,,,,,,,,,,,,,,,,,,,,,,,,,,,,,,,,,,,,,,,,,,,,